rcaCode,rcaRelatedSA,rcaRelatedSARemark,ReportNetEnvelopeFileId
SICM-SI5VT5,SICA-SI5VT5,catchmentOfSensitiveArea,60383
SICM-SI5VT6,SICA-SI5VT6,catchmentOfSensitiveArea,60383
IECM_SW_2001_0032,IETW_SW_2001_0032,,60306
IECM_EA_1994_0001,IERI_EA_1994_0001,,60306
IECM_SH_1994_0007,IELK_SH_1994_0007,,60306
IECM_SH_2010_0002,IERI_SH_2010_0002,,60306
IECM_SW_2004_0041,IETW_SW_2004_0041,,60306
IECM_SE_2001_0015,IERI_SE_2001_0015,,60306
IECM_EA_2001_0026,IETW_EA_2001_0026,,60306
PTCM01,PTRI01,,60309
PTCM02,PTRI02,,60309
PTCM03,PTLK03,,60309
PTCM04,PTLK04,,60309
PTCM05,PTLK05,,60309
PTCM06,PTLK06,,60309
PTCM07,PTRI07,,60309
PTCM08,PTLK08,,60309
PTCM09,PTLK09,,60309
PTCM10,PTTW10,,60309
PTCM11,PTRI11,,60309
PTCM12,PTRI12,,60309
PTCM13,PTTW13,,60309
PTCM14,PTRI14,,60309
PTCM15,PTTW15,,60309
PTCM16,PTTW16,,60309
PTCM17,PTTW17,,60309
PTCM18,PTTW18,,60309
PTCM19,PTLK19,,60309
PTCM20,PTLK20,,60309
PTCM21,PTLK21,,60309
PTCM22,PTLK22,,60309
PTCM23,PTTW23,,60309
PTCM24,PTTW24,,60309
PTCM25,PTTW25,,60309
ESCM1203,ESLK1203,,60330
ESCM1204,ESLK1204,,60330
ESCM1205,ESLK1205,,60330
ESCM1206,ESLK1206,,60330
ESCM1207,ESLK1207,,60330
ESCM1208,ESLK1208,,60330
ESCM1209,ESLK1209,,60330
ESCM1212,ESRI1212,,60330
ESCM1213,ESRI1213,,60330
ESCM1214,ESRI1214,,60330
ESCM1215,ESRI1215,,60330
ESCM1216,ESRI1216,,60330
ESCM1217,ESRI1217,,60330
ESCM1218,ESRI1218,,60330
ESCM1219,ESRI1219,,60330
ESCM1220,ESRI1220,,60330
ESCM1221,ESRI1221,,60330
ESCM1222,ESRI1222,,60330
ESCM1223,ESRI1223,,60330
ESCM1224,ESRI1224,,60330
ESCM2000,ESRI2000,,60330
ESCM2001,ESRI2001,,60330
ESCM2002,ESRI2002,,60330
ESCM2005,ESLK2005,,60330
ESCM2006,ESRI2006,,60330
ESCM2007,ESRI2007,,60330
ESCM2009,ESRI2009,,60330
ESCM2010,ESRI2010,,60330
ESCM2011,ESLK2011,,60330
ESCM2012,ESRI2012,,60330
ESCM2013,ESRI2013,,60330
ESCM2014,ESRI2014,,60330
ESCM2015,ESRI2015,,60330
ESCM2016,ESLK2016,,60330
ESCM2017,ESLK2017,,60330
ESCM2018,ESCA2018,,60330
ESCM2020,ESRI2020,,60330
ESCM2021,ESRI2021,,60330
ESCM2022,ESRI2022,,60330
ESCM2023,ESRI2023,,60330
ESCM2024,ESRI2024,,60330
ESCM2025,ESRI2025,,60330
ESCM2026,ESRI2026,,60330
ESCM2027,ESRI2027,,60330
ESCM2028,ESRI2028,,60330
ESCM2029,ESRI2029,,60330
ESCM2030,ESRI2030,,60330
ESCM2031,ESRI2031,,60330
ESCM2032,ESLK2032,,60330
ESCM2033,ESLK2033,,60330
ESCM2034,ESLK2034,,60330
ESCM2035,ESCA2035,,60330
ESCM2036,ESCA2036,,60330
ESCM2037,ESCA2037,,60330
ESCM2038,ESLK2038,,60330
ESCM2039,ESCA2039,,60330
ESCM2040,ESCA2040,,60330
ESCM2041,ESCA2041,,60330
ESCM2042,ESCA2042,,60330
ESCM2043,ESCA2043,,60330
ESCM2044,ESCA2044,,60330
ESCM2045,ESCA2045,,60330
ESCM2046,ESCA2046,,60330
ESCM2047,ESCA2047,,60330
ESCM2048,ESCA2048,,60330
ESCM2049,ESCA2049,,60330
ESCM2050,ESCA2050,,60330
ESCM2051,ESLK2051,,60330
ESCM2052,ESLK2052,,60330
ESCM2053,ESCA2053,,60330
ESCM2054,ESLK2054,,60330
ESCM366,ESRI366,,60330
ESCM376,ESRI376,,60330
ESCM378,ESRI378,,60330
ESCM379,ESRI379,,60330
ESCM380,ESRI380,,60330
ESCM381,ESRI381,,60330
ESCM382,ESRI382,,60330
ESCM383,ESRI383,,60330
ESCM384,ESRI384,,60330
ESCM385,ESRI385,,60330
ESCM386,ESRI386,,60330
ESCM388,ESRI388,,60330
ESCM389,ESRI389,,60330
ESCM390,ESRI390,,60330
ESCM391,ESRI391,,60330
ESCM392,ESRI392,,60330
ESCM393,ESRI393,,60330
ESCM394,ESRI394,,60330
ESCM395,ESRI395,,60330
ESCM396,ESRI396,,60330
ESCM397,ESRI397,,60330
ESCM398,ESRI398,,60330
ESCM399,ESRI399,,60330
ESCM400,ESRI400,,60330
ESCM401,ESRI401,,60330
ESCM405,ESRI405,,60330
ESCM406,ESRI406,,60330
ESCM408,ESRI408,,60330
ESCM410,ESRI410,,60330
ESCM414,ESRI414,,60330
ESCM415,ESRI415,,60330
ESCM527,ESRI527,,60330
ESCM528,ESRI528,,60330
ESCM529,ESRI529,,60330
ESCM530,ESRI530,,60330
ESCM531,ESRI531,,60330
ESCM532,ESRI532,,60330
ESCM534,ESRI534,,60330
ESCM535,ESRI535,,60330
ESCM536,ESRI536,,60330
ESCM537,ESRI537,,60330
ESCM538,ESRI538,,60330
ESCM539,ESRI539,,60330
ESCM540,ESRI540,,60330
ESCM541,ESRI541,,60330
ESCM542,ESRI542,,60330
ESCM543,ESRI543,,60330
ESCM544,ESRI544,,60330
ESCM545,ESRI545,,60330
ESCM546,ESRI546,,60330
ESCM547,ESRI547,,60330
ESCM548,ESRI548,,60330
ESCM549,ESRI549,,60330
ESCM550,ESRI550,,60330
ESCM551,ESRI551,,60330
ESCM552,ESRI552,,60330
ESCM553,ESRI553,,60330
ESCM554,ESRI554,,60330
ESCM555,ESRI555,,60330
ESCM556,ESRI556,,60330
ESCM557,ESRI557,,60330
ESCM558,ESRI558,,60330
ESCM559,ESRI559,,60330
ESCM560,ESRI560,,60330
ESCM561,ESRI561,,60330
ESCM562,ESRI562,,60330
ESCM563,ESRI563,,60330
ESCM564,ESRI564,,60330
ESCM565,ESRI565,,60330
ESCM566,ESRI566,,60330
ESCM567,ESRI567,,60330
ESCM568,ESRI568,,60330
ESCM572,ESRI572,,60330
ESCM573,ESRI573,,60330
ESCM574,ESRI574,,60330
ESCM575,ESRI575,,60330
ESCM576,ESRI576,,60330
ESCM577,ESRI577,,60330
ESCM578,ESRI578,,60330
ESCM579,ESLK579,,60330
ESCM580,ESRI580,,60330
ESCM581,ESRI581,,60330
ESCM582,ESRI582,,60330
ESCM583,ESLK583,,60330
ESCM584,ESRI584,,60330
ESCM585,ESRI585,,60330
ESCM586,ESRI586,,60330
ESCM587,ESRI587,,60330
ESCM588,ESRI588,,60330
ESCM589,ESRI589,,60330
ESCM590,ESRI590,,60330
ESCM591,ESRI591,,60330
ESCM592,ESRI592,,60330
ESCM419,ESRI419,,60330
ESCM420,ESRI420,,60330
ESCM422,ESRI422,,60330
ESCM423,ESRI423,,60330
ESCM424,ESRI424,,60330
ESCM425,ESRI425,,60330
ESCM428,ESRI428,,60330
ESCM429,ESRI429,,60330
ESCM432,ESRI432,,60330
ESCM433,ESRI433,,60330
ESCM437,ESCA437,,60330
ESCM439,ESCA439,,60330
ESCM440,ESCA440,,60330
ESCM441,ESCA441,,60330
ESCM442,ESRI442,,60330
ESCM446,ESLK446,,60330
ESCM447,ESCA447,,60330
ESCM448,ESCA448,,60330
ESCM449,ESCA449,,60330
ESCM450,ESCA450,,60330
ESCM459,ESLK459,,60330
ESCM466,ESRI466,,60330
ESCM467,ESRI467,,60330
ESCM468,ESRI468,,60330
ESCM469,ESRI469,,60330
ESCM470,ESRI470,,60330
ESCM471,ESRI471,,60330
ESCM472,ESRI472,,60330
ESCM474,ESRI474,,60330
ESCM478,ESRI478,,60330
ESCM479,ESRI479,,60330
ESCM481,ESRI481,,60330
ESCM482,ESLK482,,60330
ESCM483,ESRI483,,60330
ESCM484,ESRI484,,60330
ESCM487,ESRI487,,60330
ESCM488,ESRI488,,60330
ESCM489,ESRI489,,60330
ESCM490,ESRI490,,60330
ESCM491,ESRI491,,60330
ESCM492,ESLK492,,60330
ESCM493,ESRI493,,60330
ESCM494,ESRI494,,60330
ESCM495,ESRI495,,60330
ESCM496,ESRI496,,60330
ESCM497,ESRI497,,60330
ESCM498,ESRI498,,60330
ESCM499,ESRI499,,60330
ESCM500,ESRI500,,60330
ESCM501,ESRI501,,60330
ESCM502,ESRI502,,60330
ESCM503,ESRI503,,60330
ESCM504,ESRI504,,60330
ESCM505,ESRI505,,60330
ESCM506,ESRI506,,60330
ESCM507,ESRI507,,60330
ESCM508,ESRI508,,60330
ESCM509,ESRI509,,60330
ESCM510,ESRI510,,60330
ESCM511,ESRI511,,60330
ESCM512,ESRI512,,60330
ESCM513,ESRI513,,60330
ESCM514,ESRI514,,60330
ESCM515,ESRI515,,60330
ESCM516,ESRI516,,60330
ESCM517,ESRI517,,60330
ESCM518,ESRI518,,60330
ESCM519,ESRI519,,60330
ESCM520,ESRI520,,60330
ESCM521,ESRI521,,60330
ESCM522,ESRI522,,60330
ESCM523,ESRI523,,60330
ESCM593,ESRI593,,60330
ESCM594,ESRI594,,60330
ESCM595,ESRI595,,60330
ESCM596,ESRI596,,60330
ESCM597,ESRI597,,60330
ESCM598,ESRI598,,60330
ESCM599,ESRI599,,60330
ESCM600,ESRI600,,60330
ESCM601,ESRI601,,60330
ESCM604,ESRI604,,60330
ESCM605,ESRI605,,60330
ESCM606,ESRI606,,60330
ESCM607,ESRI607,,60330
ESCM608,ESRI608,,60330
ESCM609,ESRI609,,60330
ESCM610,ESRI610,,60330
ESCM611,ESRI611,,60330
ESCM612,ESRI612,,60330
ESCM613,ESRI613,,60330
ESCM618,ESRI618,,60330
ESCM619,ESRI619,,60330
ESCM620,ESCA620,,60330
ESCM621,ESCA621,,60330
ESCM622,ESCA622,,60330
ESCM623,ESCA623,,60330
ESCM624,ESCA624,,60330
ESCM625,ESCA625,,60330
ESCM626,ESCA626,,60330
ESCM627,ESCA627,,60330
ESCM628,ESCA628,,60330
ESCM629,ESCA629,,60330
ESCM630,ESCA630,,60330
ESCM631,ESCA631,,60330
ESCM632,ESCA632,,60330
ESCM633,ESCA633,,60330
ESCM634,ESCA634,,60330
ESCM635,ESCA635,,60330
ESCM636,ESCA636,,60330
ESCM637,ESCA637,,60330
ESCM638,ESCA638,,60330
ESCM639,ESCA639,,60330
ESCM640,ESCA640,,60330
ESCM641,ESCA641,,60330
ESCM642,ESCA642,,60330
ESCM643,ESCA643,,60330
ESCM644,ESCA644,,60330
ESCM645,ESCA645,,60330
ESCM646,ESCA646,,60330
ESCM647,ESCA647,,60330
ESCM648,ESCA648,,60330
ESCM649,ESCA649,,60330
ESCM655,ESLK655,,60330
ESCM656,ESLK656,,60330
ESCM657,ESLK657,,60330
ESCM658,ESLK658,,60330
ESCM659,ESCA659,,60330
ESCM660,ESLK660,,60330
ESCM661,ESCA661,,60330
ESCM662,ESCA662,,60330
ESCM663,ESCA663,,60330
ESCM664,ESCA664,,60330
ESCM667,ESLK667,,60330
ESCM668,ESRI668,,60330
ESCM669,ESCA669,,60330
ESCM670,ESCA670,,60330
ESCM671,ESCA671,,60330
ESCM672,ESCA672,,60330
ESCM673,ESCA673,,60330
ESCM674,ESCA674,,60330
ESCM675,ESCA675,,60330
ESCM676,ESCA676,,60330
ESCM677,ESCA677,,60330
ESCM678,ESCA678,,60330
ESCM679,ESCA679,,60330
ESCM680,ESCA680,,60330
ESCM681,ESCA681,,60330
ESCM682,ESCA682,,60330
ESCM683,ESCA683,,60330
ESCM684,ESCA684,,60330
ESCM685,ESCA685,,60330
ESCM686,ESCA686,,60330
ESCM687,ESCA687,,60330
ESCM688,ESCA688,,60330
ESCM689,ESCA689,,60330
ESCM690,ESCA690,,60330
ESCM691,ESCA691,,60330
ESCM692,ESCA692,,60330
ESCM693,ESCA693,,60330
ESCM694,ESCA694,,60330
ESCM695,ESCA695,,60330
ESCM696,ESCA696,,60330
ESCM697,ESCA697,,60330
ESCM698,ESCA698,,60330
ESCM699,ESCA699,,60330
ESCM700,ESCA700,,60330
ESCM701,ESCA701,,60330
ESCM702,ESCA702,,60330
ESCM703,ESCA703,,60330
ESCM704,ESCA704,,60330
ESCM705,ESCA705,,60330
ESCM706,ESCA706,,60330
ESCM707,ESCA707,,60330
ESCM708,ESCA708,,60330
ESCM709,ESCA709,,60330
ESCM710,ESCA710,,60330
ESCM711,ESCA711,,60330
ESCM712,ESCA712,,60330
ESCM713,ESCA713,,60330
ESCM714,ESCA714,,60330
ESCM715,ESCA715,,60330
ESCM716,ESCA716,,60330
ESCM717,ESCA717,,60330
ESCM718,ESCA718,,60330
ESCM719,ESCA719,,60330
ESCM720,ESCA720,,60330
ESCM721,ESCA721,,60330
ESCM722,ESCA722,,60330
ESCM723,ESCA723,,60330
ESCM724,ESCA724,,60330
ESCM725,ESCA725,,60330
ESCM726,ESCA726,,60330
ESCM727,ESCA727,,60330
ESCM728,ESCA728,,60330
ESCM729,ESCA729,,60330
ESCM730,ESCA730,,60330
ESCM731,ESCA731,,60330
ESCM732,ESCA732,,60330
ESCM733,ESCA733,,60330
ESCM734,ESCA734,,60330
ESCM735,ESCA735,,60330
ESCM736,ESCA736,,60330
ESCM737,ESCA737,,60330
ESCM738,ESCA738,,60330
ESCM739,ESCA739,,60330
ESCM740,ESCA740,,60330
ESCM742,ESCA742,,60330
ESCM743,ESCA743,,60330
ESCM744,ESCA744,,60330
ESCM745,ESCA745,,60330
ESCM746,ESCA746,,60330
ESCM747,ESCA747,,60330
ESCM748,ESCA748,,60330
ESCM749,ESCA749,,60330
ESCM750,ESCA750,,60330
ESCM751,ESCA751,,60330
ESCM752,ESCA752,,60330
ESCM753,ESCA753,,60330
ESCM754,ESCA754,,60330
ESCM755,ESCA755,,60330
ESCM756,ESCA756,,60330
ESCM757,ESCA757,,60330
ESCM758,ESCA758,,60330
ESCM759,ESCA759,,60330
ESCM760,ESCA760,,60330
ESCM761,ESCA761,,60330
ESCM762,ESLK762,,60330
ESCM820,ESCA820,,60330
ESCM830,ESLK830,,60330
ESCM837,ESLK837,,60330
ESCM840,ESLK840,,60330
ESCM841,ESLK841,,60330
ESCM842,ESLK842,,60330
ESCM843,ESLK843,,60330
ESCM844,ESLK844,,60330
ESCM845,ESLK845,,60330
ESCM846,ESLK846,,60330
ESCM850,ESRI850,,60330
ESCM438A,ESCA985,,60330
ESCM438B,ESCA986,,60330
ESCM988,ESRI988,,60330
ESCM991,ESCA991,,60330
ESCM995,ESCA995,,60330
ESCM996,ESCA996,,60330
ELCSA22,ELSACA01,Surface water drainage basin.,60326
ELCSA14,ELSACA02,Surface water drainage basin.,60326
ELCSA43,ELSACA02,Surface water drainage basin.,60326
ELCSA41,ELSACA02,Surface water drainage basin.,60326
ELCSA48,ELSACA03,Surface water drainage basin.,60326
ELCSA05,ELSACA04,Surface water drainage basin.,60326
ELCSA06,ELSACA04,Surface water drainage basin.,60326
ELCSA40,ELSACA04,Surface water drainage basin.,60326
ELCSA42,ELSACA04,Surface water drainage basin.,60326
ELCSA08,ELSACA04,Surface water drainage basin.,60326
ELCSA09,ELSACA04,Surface water drainage basin.,60326
ELCSA23,ELSACA05,Surface water drainage basin.,60326
ELCSA24,ELSACA05,Surface water drainage basin.,60326
ELCSA41,ELSACA06,Surface water drainage basin.,60326
ELCSA43,ELSACA06,Surface water drainage basin.,60326
ELCSA27,ELSALK01,Surface water drainage basin.,60326
ELCSA18,ELSALK02,Surface water drainage basin.,60326
ELCSA21,ELSALK03,Surface water drainage basin.,60326
ELCSA21,ELSALK04,Surface water drainage basin.,60326
ELCSA12,ELSALK05,Surface water drainage basin.,60326
ELCSA47,ELSALK06,Surface water drainage basin.,60326
ELCSA16,ELSALK07,Surface water drainage basin.,60326
ELCSA01,ELSALK08,Surface water drainage basin.,60326
ELCSA03,ELSARV01,Surface water drainage basin.,60326
ELCSA08,ELSARV02,Surface water drainage basin.,60326
ELCSA07,ELSARV03,Surface water drainage basin.,60326
ELCSA32,ELSARV04,Surface water drainage basin.,60326
ELCSA33,ELSARV05,Surface water drainage basin.,60326
ELCSA44,ELSARV06,Surface water drainage basin.,60326
ELCSA04,ELSARV07,Surface water drainage basin.,60326
ELCSA30,ELSARV08,Surface water drainage basin.,60326
ELCSA28,ELSARV09,Surface water drainage basin.,60326
ELCSA09,ELSARV10,Surface water drainage basin.,60326
ELCSA20,ELSARV11,Surface water drainage basin.,60326
ELCSA17,ELSARV12,Surface water drainage basin.,60326
ELCSA25,ELSARV13,Surface water drainage basin.,60326
ELCSA15,ELSARV14,Surface water drainage basin.,60326
ELCSA45,ELSARV15,Surface water drainage basin.,60326
ELCSA46,ELSARV16,Surface water drainage basin.,60326
ELCSA19,ELSARV17,Surface water drainage basin.,60326
ELCSA24,ELSARV18,Surface water drainage basin.,60326
ELCSA24,ELSARV19,Surface water drainage basin.,60326
ELCSA26,ELSARV20,Surface water drainage basin.,60326
ELCSA36,ELSARV21,Surface water drainage basin.,60326
ELCSA27,ELSARV22,Surface water drainage basin.,60326
ELCSA12,ELSARV23,Surface water drainage basin.,60326
ELCSA39,ELSARV24,Surface water drainage basin.,60326
ELCSA35,ELSARV25,Surface water drainage basin.,60326
ELCSA37,ELSARV26,Surface water drainage basin.,60326
ELCSA38,ELSARV27,Surface water drainage basin.,60326
ELCSA12,ELSARV28,Surface water drainage basin.,60326
ELCSA32,ELSATW01,Surface water drainage basin.,60326
ELCSA03,ELSATW02,Surface water drainage basin.,60326
ELCSA02,ELSATW03,Surface water drainage basin.,60326
ELCSA29,ELSATW04,Surface water drainage basin.,60326
BGCSACL13,BGSACL13,Catchment of Black Sea coastal line,60338
BGCSARI01,BGSARI01,Catchment of Arda river,60338
BGCSARI02,BGSARI02,Catchment of Vit river,60338
BGCSARI03,BGSARI03,Catchment of Danube river,60338
BGCSARI04,BGSARI04,Catchment of Iskar river,60338
BGCSARI05,BGSARI05,Catchment of Kamtchia river,60338
BGCSARI06,BGSARI06,Catchment of Maritza river,60338
BGCSARI07,BGSARI07,Catchment of Ogosta river,60338
BGCSARI08,BGSARI08,Catchment of Osam river,60338
BGCSARI09,BGSARI09,Catchment of Provadijska i Devnenska river,60338
BGCSARI10,BGSARI10,Catchment of Rusenski Lom river,60338
BGCSARI11,BGSARI11,Catchment of Struma river,60338
BGCSARI12,BGSARI12,Catchment of Tundja river,60338
BGCSARI14,BGSARI14,Catchment of Yantra river,60338
SECM002,SECA002,"Catchment to sensivite area, southern coast of Sweden (SECA002)",60377
SECM001,SECA001,"Catchment to Sensivite area, northern coast of Sweden (SECA001)",60377
SICM-SI1128VT,SILK-SI1128VT,catchmentOfSensitiveArea,60383
SICM-SI112VT3,SILK-SI112VT3,catchmentOfSensitiveArea,60383
SICM-SI141VT2,SILK-SI141VT2,catchmentOfSensitiveArea,60383
SICM-SI1668VT,SILK-SI1668VT,catchmentOfSensitiveArea,60383
SICM-SI168VT3,SILK-SI168VT3,catchmentOfSensitiveArea,60383
SICM-SI38VT34,SILK-SI38VT34,catchmentOfSensitiveArea,60383
SICM-SI434VT52,SILK-SI434VT52,catchmentOfSensitiveArea,60383
SICM-SI442VT12,SILK-SI442VT12,catchmentOfSensitiveArea,60383
SICM-SI5212VT1,SILK-SI5212VT1,Catchment of sensitive area.,60383
SICM-SI5212VT3,SILK-SI5212VT3,catchmentOfSensitiveArea,60383
SICM-SI5VT1,SICA-SI5VT1,catchmentOfSensitiveArea,60383
SICM-SI5VT2,SICA-SI5VT2,catchmentOfSensitiveArea,60383
SICM-SI5VT3,SICA-SI5VT3,catchmentOfSensitiveArea,60383
SICM-SI5VT4,SICA-SI5VT4,catchmentOfSensitiveArea,60383
CYSA_CM1,CYSA-LK1,The catchment of SA is defined as the part of  the Garyllis river catchment from the Vati area to Polemidia Dam.The SA is a part of the catchment of SA.,60312
FRSA_CM_01214,FRSA_RI_01214,,60316
FRSA_CM_01215,FRSA_RI_01215,,60316
FRSA_CM_01216,FRSA_RI_01216,,60316
FRSA_CM_02019,FRSA_RI_02019,,60316
FRSA_CM_02020,FRSA_RI_02020,,60316
FRSA_CM_02021,FRSA_RI_02021,,60316
FRSA_CM_02022,FRSA_RI_02022,,60316
FRSA_CM_03202,FRSA_RI_03202,,60316
FRSA_CM_03203,FRSA_RI_03203,,60316
FRSA_CM_03203,FRSA_CA_03206,,60316
FRSA_CM_03204,FRSA_RI_03204,,60316
FRSA_CM_03205,FRSA_RI_03205,,60316
FRSA_CM_03207,FRSA_RI_03207,,60316
FRSA_CM_03208,FRSA_RI_03208,,60316
FRSA_CM_03209,FRSA_RI_03209,,60316
FRSA_CM_04201,FRSA_RI_04201,,60316
FRSA_CM_04202,FRSA_RI_04202,,60316
FRSA_CM_04203,FRSA_RI_04203,,60316
FRSA_CM_04204,FRSA_RI_04204,,60316
FRSA_CM_04205,FRSA_RI_04205,,60316
FRSA_CM_04206,FRSA_RI_04206,,60316
FRSA_CM_04207,FRSA_RI_04207,,60316
FRSA_CM_04208,FRSA_RI_04208,,60316
FRSA_CM_04209,FRSA_RI_04209,,60316
FRSA_CM_04210,FRSA_RI_04210,,60316
FRSA_CM_04211,FRSA_RI_04211,,60316
FRSA_CM_04212,FRSA_RI_04212,,60316
FRSA_CM_04213,FRSA_RI_04213,,60316
FRSA_CM_04214,FRSA_RI_04214,,60316
FRSA_CM_04214,FRSA_CA_04223,,60316
FRSA_CM_04217,FRSA_RI_04217,,60316
FRSA_CM_04218,FRSA_RI_04218,,60316
FRSA_CM_04219,FRSA_RI_04219,,60316
FRSA_CM_04220,FRSA_RI_04220,,60316
FRSA_CM_04221,FRSA_RI_04221,,60316
FRSA_CM_04222,FRSA_RI_04222,,60316
FRSA_CM_05001,FRSA_RI_05001,,60316
FRSA_CM_05002,FRSA_RI_05002,,60316
FRSA_CM_05003,FRSA_RI_05003,,60316
FRSA_CM_05004,FRSA_RI_05004,,60316
FRSA_CM_05005,FRSA_RI_05005,,60316
FRSA_CM_05006,FRSA_RI_05006,,60316
FRSA_CM_05007,FRSA_RI_05007,,60316
FRSA_CM_05008,FRSA_RI_05008,,60316
FRSA_CM_05009,FRSA_RI_05009,,60316
FRSA_CM_05009,FRSA_CA_05009,,60316
FRSA_CM_05010,FRSA_RI_05010,,60316
FRSA_CM_05011,FRSA_RI_05011,,60316
FRSA_CM_05012,FRSA_RI_05012,,60316
FRSA_CM_05013,FRSA_RI_05013,,60316
FRSA_CM_05014,FRSA_RI_05014,,60316
FRSA_CM_05015,FRSA_RI_05015,,60316
FRSA_CM_05016,FRSA_RI_05016,,60316
FRSA_CM_05017,FRSA_RI_05017,,60316
FRSA_CM_05018,FRSA_RI_05018,,60316
FRSA_CM_05019,FRSA_RI_05019,,60316
FRSA_CM_05020,FRSA_RI_05020,,60316
FRSA_CM_05021,FRSA_RI_05021,,60316
FRSA_CM_05113,FRSA_RI_05113,,60316
FRSA_CM_05114,FRSA_RI_05114,,60316
FRSA_CM_05116,FRSA_RI_05116,,60316
FRSA_CM_05216,FRSA_RI_05216,,60316
FRSA_CM_06225,FRSA_RI_06225,,60316
FRSA_CM_06226,FRSA_RI_06226,,60316
FRSA_CM_06227,FRSA_RI_06227,,60316
FRSA_CM_06228,FRSA_RI_06228,,60316
FRSA_CM_06229,FRSA_RI_06229,,60316
FRSA_CM_06230,FRSA_RI_06230,,60316
FRSA_CM_06301,FRSA_RI_06301,,60316
FRSA_CM_06302,FRSA_RI_06302,,60316
FRSA_CM_06303,FRSA_RI_06303,,60316
FRSA_CM_06304,FRSA_RI_06304,,60316
FRSA_CM_06305,FRSA_RI_06305,,60316
FRSA_CM_06306,FRSA_RI_06306,,60316
FRSA_CM_06307,FRSA_RI_06307,,60316
FRSA_CM_06308,FRSA_RI_06308,,60316
FRSA_CM_06309,FRSA_RI_06309,,60316
FRSA_CM_06310,FRSA_RI_06310,,60316
FRSA_CM_06311,FRSA_RI_06311,,60316
FRSA_CM_06312,FRSA_RI_06312,,60316
FRSA_CM_06313,FRSA_RI_06313,,60316
FRSA_CM_06314,FRSA_RI_06314,,60316
FRSA_CM_06315,FRSA_RI_06315,,60316
FRSA_CM_06316,FRSA_RI_06316,,60316
FRSA_CM_06317,FRSA_RI_06317,,60316
FRSA_CM_06318,FRSA_RI_06318,,60316
FRSA_CM_06319,FRSA_RI_06319,,60316
FRSA_CM_06320,FRSA_RI_06320,,60316
FRSA_CM_06321,FRSA_RI_06321,,60316
FRSA_CM_06322,FRSA_RI_06322,,60316
FRSA_CM_10103,FRSA_RI_10103,,60316
FRSA_CM_10103,FRSA_CA_10102,,60316
FRSA_CM_04211,FRSA_CA_04211,,60316
FRSA_CM_07001,FRSA_CA_07001,,60316
FRSA_CM_07002,FRSA_CA_07002,,60316
FRSA_CM_07003,FRSA_CA_07003,,60316
FRSA_CM_07004,FRSA_CA_07004,,60316
FRSA_CM_1102,FRSA_RI_1102,,60316
FRSA_CM_1103,FRSA_RI_1103,,60316
FRSA_CM_1104,FRSA_RI_1104,,60316
FRSA_CM_1105,FRSA_RI_1105,,60316
FRSA_CM_1106,FRSA_RI_1106,,60316
FRSA_CM_1108,FRSA_RI_1108,,60316
FRSA_CM_1109,FRSA_RI_1109,,60316
FRSA_CM_1111,FRSA_RI_1111,,60316
FRSA_CM_1113,FRSA_RI_1113,,60316
FRSA_CM_1115,FRSA_RI_1115,,60316
FRSA_CM_1116,FRSA_RI_1116,,60316
FRSA_CM_1117,FRSA_RI_1117,,60316
FRSA_CM_1118,FRSA_RI_1118,,60316
FRSA_CM_1119,FRSA_RI_1119,,60316
FRSA_CM_1120,FRSA_RI_1120,,60316
FRSA_CM_1121,FRSA_RI_1121,,60316
FRSA_CM_1122,FRSA_RI_1122,,60316
FRSA_CM_1123,FRSA_RI_1123,,60316
FRSA_CM_1126,FRSA_RI_1126,,60316
FRSA_CM_1131,FRSA_CA_1103,,60316
FRSA_CM_1130,FRSA_CA_1104,,60316
FRSA_CM_1113,FRSA_CA_1104,,60316
FRSA_CM_1126,FRSA_CA_1104,,60316
FRSA_CM_1103,FRSA_CA_1104,,60316
FRSA_CM_1109,FRSA_CA_1104,,60316
FRSA_CM_1111,FRSA_CA_1104,,60316
FRSA_CM_1115,FRSA_CA_1104,,60316
FRSA_CM_1104,FRSA_CA_1108,,60316
FRSA_CM_1117,FRSA_CA_1108,,60316
FRSA_CM_1118,FRSA_CA_1108,,60316
FRSA_CM_1119,FRSA_CA_1108,,60316
FRSA_CM_1132,FRSA_CA_1108,,60316
FRSA_CM_1121,FRSA_CA_1110,,60316
FRSA_CM_1132,FRSA_CA_1110,,60316
FRSA_CM_1133,FRSA_CA_1110,,60316
FRSA_CM_1135,FRSA_CA_1110,,60316
FRSA_CM_1135,FRSA_CA_1112,,60316
FRSA_CM_1133,FRSA_CA_1112,,60316
FRSA_CM_1116,FRSA_CA_1112,,60316
FRSA_CM_1122,FRSA_CA_1112,,60316
FRSA_CM_1123,FRSA_CA_1112,,60316
FRSA_CM_1134,FRSA_CA_1112,,60316
FRSA_CM_1108,FRSA_CA_1112,,60316
FRSA_CM_1120,FRSA_CA_1112,,60316
FRSA_CM_1105,FRSA_CA_1112,,60316
FRSA_CM_1135,FRSA_CA_1116,,60316
FRSA_CM_04205,FRSA_CA_04205,,60316
FRSA_CM_04218,FRSA_CA_04215,,60316
FRSA_CM_04202,FRSA_CA_04202,,60316
FRSA_CM_04210,FRSA_CA_04216,,60316
FRSA_CM_03205,FRSA_CA_03205,,60316
FRSA_CM_01214,FRSA_CA_01213,,60316
FRSA_CM_03204,FRSA_CA_03201,,60316
FRSA_CM_04209,FRSA_CA_04209,,60316
ITCM20CSA000000004,ITCA20SA0000000021,the sensitive area is associated to the catchment of the sensitive area downstream.,60321
ITCM20CSA000000002,ITLK20SA0000000067,the sensitive area is associated to the catchment of the sensitive area downstream.,60321
ITCM19CSA09000003,ITCA19SA09000001,the sensitive area is associated to the catchment of the sensitive area downstream.,60321
ITCM99CSA10000003,ITCA99Q15SA003,the sensitive area is associated to the catchment of the sensitive area downstream.,60321
HRCM_41031048,HRCA_41011048,,60319
ITCM13CSA1000000001,ITLK13000000000001,the sensitive area is associated to the catchment of the sensitive area downstream.,60321
ITCM13CSA1000000001,ITLK13000000000005,the sensitive area is associated to the catchment of the sensitive area downstream.,60321
ITCM99CSAQ15001,ITTW99SA00000002,the sensitive area is associated to the catchment of the sensitive area downstream.,60321
ITCM99CSA10000004,ITCA99Q15SA004,the sensitive area is associated to the catchment of the sensitive area downstream.,60321
IT09CSA000000012,IT09SA0000000006,"Delibera Consiglio Regionale della Toscana n. 6 del 25 gennaio 2005.
Gli impianti di trattamento compresi nel calcolo del carico di N totale e P totale sono impianti di potenzialità sia maggiore che minore ai 2000 AE (taglia minima presa in considerazion",60321
ITCM99CSAQ15001,ITRI03SAQ15002,ITCA99Q15SA004The parameters of both sensitive areas are identical,60321
ITCM99CSAQ15001,ITRI03SAQ15004,the sensitive area is associated to the catchment of the sensitive area downstream. The parameters of both sensitive areas are identical,60321
ITCM99CSAQ15001,ITLK03SA0000000012,the sensitive area is associated to the catchment of the sensitive area downstream. The parameters of both sensitive areas are identical,60321
ITCM99CSAQ15001,ITLK03Q15SA007,the sensitive area is associated to the catchment of the sensitive area downstream. The parameters of both sensitive areas are identical,60321
ITCM99CSAQ15001,ITLK05SA0000000008,the sensitive area is associated to the catchment of the sensitive area downstream. The parameters of both sensitive areas are identical,60321
ITCM99CSAQ15001,ITLK03SA0000000009,the sensitive area is associated to the catchment of the sensitive area downstream. The parameters of both sensitive areas are identical,60321
ITCM99CSAQ15001,ITLK03Q15SA002,the sensitive area is associated to the catchment of the sensitive area downstream. The parameters of both sensitive areas are identical,60321
ITCM99CSAQ15001,ITRI03SAQ15001,the sensitive area is associated to the catchment of the sensitive area downstream. The parameters of both sensitive areas are identical,60321
ITCM99CSAQ15001,ITRI03SAQ15003,the sensitive area is associated to the catchment of the sensitive area downstream. The parameters of both sensitive areas are identical,60321
ITCM99CSAQ15001,ITRI03SA0900000060,the sensitive area is associated to the catchment of the sensitive area downstream. The parameters of both sensitive areas are identical,60321
ITCM99CSAQ15001,ITRI03SAQ15005,the sensitive area is associated to the catchment of the sensitive area downstream. The parameters of both sensitive areas are identical,60321
HRCM_41031000,HRCA_41011000,,60319
HRCM_41031003,HRCA_41011003,,60319
HRCM_41031012,HRCA_41011012,,60319
HRCM_41031013,HRCA_41011013,,60319
HRCM_41031014,HRCA_41011014,,60319
HRCM_41031017,HRCA_41011017,,60319
HRCM_41031018,HRCA_41011018,,60319
HRCM_41031022,HRCA_41011022,,60319
HRCM_41031031,HRCA_41011031,,60319
HRCM_62011001,HRCA_61011001,,60319
HRCM_62011002,HRCA_61011002,,60319
HRCM_62011004,HRCA_61011004,,60319
HRCM_62011005,HRCA_61011005,,60319
HRCM_62011006,HRCA_61011006,,60319
HRCM_62011007,HRCA_61011007,,60319
HRCM_62011008,HRCA_61011008,,60319
HRCM_62011009,HRCA_61011009,,60319
HRCM_62011010,HRCA_61011010,,60319
HRCM_62011011,HRCA_61011011,,60319
HRCM_62011015,HRCA_61011015,,60319
HRCM_62011016,HRCA_61011016,,60319
HRCM_62011019,HRCA_61011019,,60319
HRCM_62011020,HRCA_61011020,,60319
HRCM_62011021,HRCA_61011021,,60319
HRCM_62011023,HRCA_61011023,,60319
HRCM_62011024,HRCA_61011024,,60319
HRCM_62011025,HRCA_61011025,,60319
HRCM_62011026,HRCA_61011026,,60319
HRCM_62011027,HRCA_61011027,,60319
HRCM_62011028,HRCA_61011028,,60319
HRCM_62011029,HRCA_61011029,,60319
HRCM_62011030,HRCA_61011030,,60319
HRCM_62011032,HRCA_61011032,,60319
HRCM_62011033,HRCA_61011033,,60319
HRCM_62011034,HRCA_61011034,,60319
HRCM_62011035,HRCA_61011035,,60319
HRCM_62011036,HRCA_61011036,,60319
HRCM_62011037,HRCA_61011037,,60319
HRCM_62011038,HRCA_61011038,,60319
HRCM_62011039,HRCA_61011039,,60319
HRCM_62011040,HRCA_61011040,,60319
HRCM_62011041,HRCA_61011041,,60319
HRCM_62011042,HRCA_61011042,,60319
HRCM_62011043,HRCA_61011043,,60319
HRCM_62011044,HRCA_61011044,,60319
HRCM_62011045,HRCA_61011045,,60319
HRCM_62011046,HRCA_61011046,,60319
HRCM_62011047,HRCA_61011047,,60319
HRCM_62011049,HRCA_61011049,,60319
HRCM_62011050,HRCA_61011050,,60319
HRCM_62011051,HRCA_61011051,,60319
HRCM_62011052,HRCA_61011052,,60319
HRCM_62011053,HRCA_61011053,,60319
ESCM524,ESRI524,,60330
ESCM525,ESRI525,,60330
ESCM526,ESRI526,,60330
ESCM1000,ESRI1000,,60330
ESCM1001,ESRI1001,,60330
ESCM1002,ESRI1002,,60330
ESCM1003,ESRI1003,,60330
ESCM1004,ESRI1004,,60330
ESCM1005,ESRI1005,,60330
ESCM1006,ESRI1006,,60330
ESCM1007,ESRI1007,,60330
ESCM1008,ESRI1008,,60330
ESCM1009,ESRI1009,,60330
ESCM1010,ESRI1010,,60330
ESCM1011,ESRI1011,,60330
ESCM1012,ESRI1012,,60330
ESCM1013,ESRI1013,,60330
ESCM1014,ESRI1014,,60330
ESCM1015,ESRI1015,,60330
ESCM1016,ESRI1016,,60330
ESCM1017,ESRI1017,,60330
ESCM1018,ESRI1018,,60330
ESCM1019,ESLK1019,,60330
ESCM1020,ESLK1020,,60330
ESCM1021,ESLK1021,,60330
ESCM1022,ESLK1022,,60330
ESCM1023,ESLK1023,,60330
ESCM1024,ESLK1024,,60330
ESCM1025,ESLK1025,,60330
ESCM1027,ESRI1027,,60330
ESCM1028,ESRI1028,,60330
ESCM1029,ESRI1029,,60330
ESCM1030,ESRI1030,,60330
ESCM1031,ESRI1031,,60330
ESCM1032,ESRI1032,,60330
ESCM1033,ESCA1033,,60330
ESCM1187,ESCA1187,,60330
ESCM1188,ESRI1188,,60330
ESCM1189,ESRI1189,,60330
ESCM1190,ESRI1190,,60330
ESCM1195,ESLK1195,,60330
ESCM1196,ESLK1196,,60330
ESCM1197,ESLK1197,,60330
ESCM1201,ESLK1201,,60330
ESCM1202,ESLK1202,,60330
